{"cameraMode":{"drawMode":0,"name":"Shaded","section":"Shading Mode"},"sceneLighting":false,"audioPlay":false,"sceneViewState":{"m_AlwaysRefresh":false,"showFog":true,"showSkybox":false,"showFlares":true,"showImageEffects":true,"showParticleSystems":true,"showVisualEffectGraphs":true,"m_FxEnabled":true},"in2DMode":false,"pivot":{"x":11.858009338378907,"y":3.742187261581421,"z":0.4291048049926758},"rotation":{"x":-0.17960025370121003,"y":-0.26918265223503115,"z":0.05112150311470032,"w":-0.9449626803398132},"size":7.028128623962402,"orthographic":false}