{"cameraMode":{"drawMode":0,"name":"Shaded","section":"Shading Mode"},"sceneLighting":true,"audioPlay":false,"sceneViewState":{"m_AlwaysRefresh":false,"showFog":true,"showSkybox":true,"showFlares":true,"showImageEffects":true,"showParticleSystems":true,"showVisualEffectGraphs":true,"m_FxEnabled":true},"in2DMode":false,"pivot":{"x":0.031617820262908939,"y":0.028024911880493165,"z":-1.8140000104904175},"rotation":{"x":0.02954622358083725,"y":-0.9639720320701599,"z":0.1203402578830719,"w":0.23620544373989106},"size":3.4371187686920168,"orthographic":false}