{"cameraMode":{"drawMode":0,"name":"Shaded","section":"Shading Mode"},"sceneLighting":true,"audioPlay":false,"sceneViewState":{"m_AlwaysRefresh":false,"showFog":true,"showSkybox":true,"showFlares":true,"showImageEffects":true,"showParticleSystems":true,"showVisualEffectGraphs":true,"m_FxEnabled":true},"in2DMode":false,"pivot":{"x":0.031617820262908939,"y":0.028024911880493165,"z":-0.008732080459594727},"rotation":{"x":0.12157284468412399,"y":0.34852269291877749,"z":-0.04565839469432831,"w":0.9284442067146301},"size":1.439900279045105,"orthographic":false}