{"cameraMode":{"drawMode":0,"name":"Shaded","section":"Shading Mode"},"sceneLighting":true,"audioPlay":false,"sceneViewState":{"m_AlwaysRefresh":false,"showFog":true,"showSkybox":true,"showFlares":true,"showImageEffects":true,"showParticleSystems":true,"showVisualEffectGraphs":true,"m_FxEnabled":true},"in2DMode":false,"pivot":{"x":6.906680583953857,"y":0.7198532819747925,"z":1.5678935050964356},"rotation":{"x":0.04796434938907623,"y":-0.9517704844474793,"z":0.2286899983882904,"w":0.19958621263504029},"size":0.8660253882408142,"orthographic":false}